link,price,store,title
,, ,
https://slickdeals.net/f/13165963-reebok-16-active-foundation-grip-duffel-bag-crushed-cobalt-8-style-active-foundation-backpack-crushed-cobalt-10-more-free-shipping?src=frontpage,                                           $10                                                                                   $35 ,Reebok ,Reebok Style Active Foundation Backpack &lparCobalt&rpar
https://slickdeals.net/f/13161361-air-canada-roundtrip-flight-san-diego-to-hong-kong-from-475-travel-sep-2019-apr-2020?src=frontpage,                                           from $475                                                                               ,Skyscanner ,Air Canada Roundtrip Flight&colon San Diego to Hong Kong
https://slickdeals.net/f/11403699-chase-ink-business-cash-card-500-cash-back-w-3k-spent-in-1st-3-mos?src=sticky-24,                                           $500 Cash Back                                                                               ,Chase - Bank Advertiser ,Chase Ink Business Cash Card
https://slickdeals.net/f/13166539-better-homes-gardens-avery-multiple-colors-accent-table-14-71-c-table-18-49-console-table-24-14-at-walmart?src=frontpage,                                           $14.70                                                                                   $54 ,Walmart ,Better Homes & Gardens Avery Accent Table &lparVarious Colors&rpar
https://slickdeals.net/f/13166299-walmart-spiderman-marvel-6-volt-spider-man-super-car-for-kids-88?src=frontpage,                                           $88                                                                                       $149 $149 ,Walmart ,Spider-Man Kids&apos 6V Super Car
https://slickdeals.net/f/13163125-community-coffee-buy-one-get-one-free-72-ct-k-cups-5-flavors-44-99?src=sticky-24,                                           $45                                                                                       $90 $90 ,Community Coffee ,Community Coffee&colon Buy One Get One Free Coffee&colon 144-Ct K-Cups &lparVarious&rpar
https://slickdeals.net/f/13165738-pyrex-8-pc-mixing-bowl-set-or-12-pc-storage-set-14-99-at-macys?src=frontpage,                                           $15 each                                                                               ,Macy's ,Pyrex 8-Piece Glass Mixing Bowl Set or 12-Piece Glass Storage Set
https://slickdeals.net/f/13160590-roundtrip-flight-los-angeles-to-bangkok-thailand-from-419-travel-sept-dec-2019?src=frontpage,                                           from $419                                                                               ,Skyscanner ,Roundtrip Flight&colon Los Angeles to Bangkok&comma Thailand
https://slickdeals.net/f/12940198-chase-sapphire-preferred-card-spend-4k-on-purchases-earn-60-000-points-within-1st-3-months?src=sticky-24,"                                           60,000 Points                                                                               ",Chase - Bank Advertiser ,Chase Sapphire Preferred Card&colon Spend &dollar4K on Purchases & Earn
https://slickdeals.net/f/13166497-purina-fancy-feast-gravy-wet-cat-food-variety-pack-8-18-for-24-cans-with-free-prime-shipping?src=frontpage,                                           $8.20                                                                                       $17 $17 ,Amazon ,24-Ct 3oz Purina Fancy Feast Wet Canned Cat Food &lparSeafood Grilled Collection&rpar
https://slickdeals.net/f/13165174-auth-dealer-65-oled65e8pua-4k-oled-smart-hdtv-1899-free-s-h?src=frontpage,                                           $1899                                                                                       $3297 $3297 ,eBay ,"65"" LG OLED65E8PUA 4K UHD HDR OLED AI Smart HDTV"
https://slickdeals.net/f/9205591-chase-ink-business-preferred-card-80k-points-w-5k-spent-in-1st-3-mos?src=sticky-24,                                           80K Points                                                                               ,Chase - Bank Advertiser ,Chase Ink Business Preferred Card
https://slickdeals.net/f/13166257-purina-friskies-canned-wet-cat-food-40-ct-variety-pack-16-25-free-prime-shipping?src=frontpage,                                           $16.25                                                                                       $23 $23 ,Amazon ,40-Count 5&period5oz Purina Friskies Canned Wet Cat Food &lparShreds Variety Pack&rpar
https://slickdeals.net/f/13165933-barnes-noble-cafe-2-off-any-size-starbucks-beverage-via-mobile-app-android-or-ios-select-stores-only?src=frontpage,                                           $2 Off                                                                               ,Barnes & Noble Cafe ,Select Barnes & Noble Cafe Locations&colon Any Size Starbucks Beverage
https://slickdeals.net/f/13118755-2-free-audiobooks-and-2-audible-originals-for-returning-members-ymmv?src=sticky-24,                                           Free                                                                               ,Audible ,1-Month Audible Trial &plus 2 Audible Originals &plus 2 Audiobooks
https://slickdeals.net/f/13165690-kenwood-dmx905s-6-95-wvga-digital-multimedia-receiver-w-apple-carplay-android-auto?src=frontpage,                                           $326                                                                                       $499 $499 ,NeweggFlash ,"Kenwood DMX905S 6&period95"" WVGA In-Dash Receiver w&sol CarPlay & Android Auto"
https://slickdeals.net/f/13166092-6-pack-8-8oz-febreze-air-effects-air-freshener-linen-sky-7-39-ac-w-s-s?src=frontpage,                                           $7.40                                                                                       $12 $12 ,Amazon ,6-Count 8&period8oz&period Febreze Air Effects Air Freshener &lparLinen & Sky&rpar
https://slickdeals.net/f/11621423-chase-ink-business-unlimited-credit-card-500-bonus-after-3k-spent-in-3-months?src=sticky-24,                                           $500 Bonus                                                                               ,Chase - Bank Advertiser ,Chase Ink Business Unlimited Credit Card
https://slickdeals.net/f/13166005-walgreens-5-x-5-lenticular-motion-effect-print-1-each-1-50-s-h?src=frontpage,                                           $1 each                                                                                       $4 ,Walgreens ,"Walgreens 5"" x 5"" Lenticular &sol Motion Effect Print"
https://slickdeals.net/f/13166212-hisense-60-class-4k-ultra-hd-2160p-hdr-roku-smart-led-tv-for-330-walmart?src=frontpage,                                           $330                                                                                       $500 $500 ,Walmart ,"60"" Hisense 60R5800E 4K UHD HDR Roku Smart LED HDTV"
https://slickdeals.net/f/13004074-bank-of-america-cash-rewards-credit-card-200-bonus-offer-w-1k-in-eligible-purchases?src=sticky-24,                                           $200 Bonus Offer                                                                               ,Bank of America - Bank Advertiser ,Bank of America® Cash Rewards Credit Card
https://slickdeals.net/f/13166173-better-homes-and-gardens-granary-modern-farmhouse-coffee-table-brown-36-22-gray-62-38-free-shipping-price-drop?src=frontpage,                                           $36.25                                                                                   $120 ,Walmart ,Better Homes &plus Gardens Coffee Tables&colon Granary Modern Farmhouse Coffee Table
https://slickdeals.net/f/13166017-select-reebok-shoes-men-s-reebok-sole-fury-se-running-shoes-28-free-s-h-for-rewards-members?src=frontpage,                                           $28                                                                                   $90 ,Reebok ,Select Reebok Shoes&colon Men&aposs Reebok Sole Fury SE Running Shoes
https://slickdeals.net/f/10076220-wells-fargo-cash-wise-visa-card-200-bonus-1-5-cash-rewards?src=sticky-24,                                           $200 Bonus                                                                               ,Wells Fargo - Bank Advertiser ,Wells Fargo Cash Wise Visa® Card
https://slickdeals.net/f/13163398-ecco-men-s-ecco-collin-2-0-slip-on-shoes-various-colors-60-women-s-ecco-yucatan-sandal-bison-mineral-black-60-free-shipping?src=frontpage,                                           $60                                                                                   $150 ,Ecco ,Ecco&colon Men&aposs Ecco Collin 2&period0 Slip-On Shoes &lparvarious colors&rpar
https://slickdeals.net/f/12992002-hsbc-direct-savings-account-earn-2-30-apy-extra-125-sd-bonus-member-fdic?src=sticky-24,                                           $125 SD Bonus                                                                               ,HSBC Direct Savings ,HSBC Direct Savings Account&colon Earn 2&period30&percnt APY &plus Extra
https://slickdeals.net/f/13164748-ipad-pro-usb-c-12-9-64gb-wifi-for-824-on-amazon-silver-only?src=frontpage,                                           $824                                                                                       $999 $999 ,Walmart ,"64GB 12&period9"" Apple iPad Pro Wi-Fi &lparLatest Model&comma Silver&rpar"
https://slickdeals.net/f/13163263-1tb-crucial-mx500-2-5-ssd-100-ac-newegg?src=frontpage,                                           $100                                                                               ,Newegg ,"1TB Crucial MX500 2&period5"" SATA III Internal Solid State Drive"
https://slickdeals.net/f/11916935-blue-cash-everyday-card-from-american-express-terms-apply-earn-150-back-w-1k-spent-in-1st-3-mos?src=sticky-24,                                           Earn $150 Back                                                                               ,Amex - Bank Advertiser ,Blue Cash Everyday® Card from American Express &lparterms apply&rpar
https://slickdeals.net/f/13162582-nintendo-switch-digital-games-death-squared-5-84-crawl-8-99-pinstripe-5-99-poly-bridge-7-49-more?src=frontpage,                                           $5.85                                                                                       $15 $15 ,Nintendo ,Nintendo Switch Digital Games&colon Crawl &dollar9&comma Pinstripe &dollar6&comma Death Squared
https://slickdeals.net/f/13165675-jcpenney-home-performance-oeko-tex-cotton-bath-towel-3-50-hand-towel-2-10-washcloth-1-40-free-store-pickup-at-jcpenney?src=frontpage,                                           $3.50 Each                                                                               ,JCPenney ,JCPenney Home Performance OEKO-TEX Cotton Bath Towels &lparvarious colors&rpar
https://slickdeals.net/e/10817763-verizon-fios-100-100-mbps-internet-39-99-month-auto-pay-required-new-customers-only?src=sticky-24,                                           $39.99/month                                                                               ,Verizon Fios ,Verizon Fios&colon 100&sol100 Mbps Internet
https://slickdeals.net/f/13163539-complete-dvd-series-teenage-mutant-ninja-turtles-classic-series-32-95-more?src=frontpage,                                           $32.95                                                                                   $41 ,Amazon ,Complete DVD Series&colon Teenage Mutant Ninja Turtles&colon Classic Series
https://slickdeals.net/f/13160833-rgb-ddr4-memory-16gb-2x8gb-g-skill-tridentz-rgb-desktop-memory-3600-pc4-28800-94-99-3000-pc4-24000-85-99-free-shipping-more-via-newegg?src=frontpage,                                           $86                                                                               ,Newegg ,16GB &lpar2x8GB&rpar RGB DDR4 Desktop Memory&colon G&periodSKILL TridentZ 3000 &lparPC4 24000&rpar
https://slickdeals.net/f/11813555-wells-fargo-propel-card-0-annual-fee-30k-bonus-pts-w-3k-spent-in-1st-3-mos?src=sticky-24,                                           30K Bonus Pts                                                                               ,Wells Fargo - Bank Advertiser ,Wells Fargo Propel® Card  &lpar&dollar0 Annual Fee&rpar
https://slickdeals.net/f/13165063-screwball-by-simon-rich-pre-order-audiobook-more-free-audible-members-only?src=frontpage,                                           Free                                                                               ,Audible ,Screwball by Simon Rich Pre-order &lparAudiobook&rpar & More
https://slickdeals.net/f/13162510-lavazza-classico-ground-coffee-blend-medium-roast-12-ounce-bags-pack-of-6-with-s-s?src=frontpage,                                           $25.20                                                                                       $40 $40 ,Amazon ,6-Pack 12oz Lavazza Classico Ground Coffee Blend &lparMedium Roast&rpar
https://slickdeals.net/f/13162903-bath-body-works-select-full-sized-shower-gel-or-body-wash-2-50-select-body-lotion-2-50-3-wick-candles-8-40-more-6-shipping?src=frontpage,                                           $2.50                                                                                       $13 $13 ,Bath & Body Works ,Bath & Body Works&colon Select Full-Sized Shower Gel or Body Wash &dollar2&period50&comma Body Lotion
https://slickdeals.net/f/13163650-2-lb-orgain-organic-protein-powder-creamy-chocolate-fudge-13-43-or-11-75-15-ac-w-s-s-free-shipping?src=frontpage,                                           $13.45                                                                               ,Amazon ,2-lb Orgain Organic Protein Powder &lparCreamy Chocolate Fudge&rpar
https://slickdeals.net/f/13153657-childrens-place-baby-and-toddler-girls-matchables-print-knit-skort-2-big-girls-matchables-print-knit-bike-shorts-2-baby-boys-tees-select-2-free-shipping?src=frontpage,                                           $2                                                                                   $10 ,The Children's Place ,Baby & Toddler Girls&apos Skort or Tank Top &dollar2&comma Big Girls&apos Bike Shorts
https://slickdeals.net/f/13159360-puma-women-s-clyde-gcc-sneakers-black-for-19-free-shipping?src=frontpage,                                           $18.95                                                                               ,SHOEBACCA ,PUMA Women&aposs Clyde GCC Sneakers &lparBlack&rpar
https://slickdeals.net/f/13163278-martha-stewart-essentials-reversible-down-alternative-comforter-any-size-20-martha-stewart-mattress-pad-twin-10-free-store-pickup-at-macys?src=frontpage,                                           $20                                                                                   $130 ,Macy's ,Martha Stewart Collection Essentials Down Alt&period Comforter &lparVarious Sizes&solColors&rpar
https://slickdeals.net/f/13141747-nest-3rd-gen-wi-fi-smart-learning-thermostat-with-google-mini-175-more-free-s-h?src=frontpage,                                           $175                                                                                   $299 ,Rakuten ,Nest 3rd Gen Wi-Fi Smart Learning Thermostat with Google Mini
https://slickdeals.net/f/13163797-kwikset-99110-808-smartcode-electronic-keypad-lock-w-tustin-lever-featuring-smartkey-renewed-66-50-free-shipping?src=frontpage,                                           $66.50                                                                                       $88 $88 ,Amazon ,Kwikset 99110-808 SmartCode Electronic Keypad Lock &lparRenewed&rpar
https://slickdeals.net/f/13165171-auth-dealer-77-lg-oled77c8pua-4k-oled-hdr-hdtv-3699-free-s-h?src=frontpage,                                           $3699                                                                                       $8997 $8997 ,eBay ,"77"" LG OLED77C8PUA 4K UHD HDR AI Smart OLED HDTV"
https://slickdeals.net/f/13164829-cyberpunk-2077-pre-order-ps4-or-xbox-one-49-95-free-shipping?src=frontpage,                                           $49.95                                                                                       $60 $60 ,Walmart ,Cyberpunk 2077 Pre-Order &lparPS4 or Xbox One&rpar
https://slickdeals.net/f/13158634-macy-s-handbags-coach-dooney-bourke-kate-spade-more-50-70-off?src=frontpage,                                           50%-70% off                                                                               ,Macy's ,Macy&aposs Handbags&colon COACH&comma Dooney & Bourke&comma Kate Spade & More
https://slickdeals.net/f/13164697-dyson-ball-multi-floor-origin-vacuum-w-3-tools-189-99-free-shipping?src=frontpage,                                           $190                                                                                       $300 $300 ,Dyson ,Dyson Ball Multi Floor Origin Vacuum w&sol 3 Tools
https://slickdeals.net/f/13165162-auth-dealer-55-lg-oled55e8pua-4k-hdr-tv-999-free-s-h?src=frontpage,                                           $999                                                                                       $2497 $2497 ,eBay ,"55"" LG OLED55E8PUA 4K UHD HDR AI Smart OLED HDTV"
https://slickdeals.net/f/13163119-amazon-prime-clorox-4-in-1-disinfectant-sanitizer-2-99-free-shipping?src=frontpage,                                           $3                                                                                       $7 $7 ,Office Depot and OfficeMax ,14-Ounce Clorox 4-In-1 Disinfectant And Sanitizer Spray
https://slickdeals.net/f/13149706-lg-oled-4k-tv-s-65-oled65c8pua-1650-55-oled55c8pua-1049-free-shipping?src=frontpage,                                           $1049                                                                                   $1897 ,Google Express ,"LG OLED 4K TV&aposs&colon 65"" OLED65C8PUA &dollar1650&comma 55"" OLED55C8PUA"
https://slickdeals.net/f/13164508-34-lg-34gk950g-b-curved-3440x1440-g-sync-gaming-monitor-679-free-s-h?src=frontpage,                                           $679                                                                                       $1400 $1400 ,BuyDig ,"34"" LG 34GK950G-B UltraWide 1440p QHD Curved G-SYNC Gaming Monitor"
https://slickdeals.net/f/13164763-nintendo-50-eshop-digital-code-41-95?src=frontpage,                                           $42                                                                                       $50 $50 ,MassGenie ,&dollar50 Nintendo eShop Gift Card &lparEmail Delivery&rpar
,,,
,, ,
